<?xml version="1.0" encoding="UTF-8" standalone="yes"?>
<AppProfileExportImportJaxb xmlns="http://www.cliqr.com/xml/ns/appProfileExportImport">
    <AppProfileList>
        <appProfileInfo topLevelAppName="OpenCart w Scale w FIX">
            <appProfileInfoPath location="2.0" extension="json"/>
        </appProfileInfo>
    </AppProfileList>
    <ResourceList>
        <resource>
            <type>RemoteRepository</type>
            <RemoteRepository>
                <repositoryName>CliQrDemoRepo</repositoryName>
                <repositoryId>1</repositoryId>
                <appNameList>
                    <appName>OpenCart w Scale w FIX</appName>
                </appNameList>
            </RemoteRepository>
        </resource>
        <resource>
            <type>RemoteRepository</type>
            <RemoteRepository>
                <repositoryName>VK_DMZ_REPO</repositoryName>
                <repositoryId>2</repositoryId>
                <appNameList>
                    <appName>OpenCart w Scale w FIX</appName>
                </appNameList>
            </RemoteRepository>
        </resource>
    </ResourceList>
</AppProfileExportImportJaxb>
