{
  "builders": [{
    "type": "amazon-ebs",
    "ami_name": "{{user `ami_name`}}",
    "access_key": "{{user `aws_access_key`}}",
    "secret_key": "{{user `aws_secret_key`}}",
    "region": "{{user `region`}}",
    "source_ami": "{{user `source_ami`}}",
    "subnet_id": "{{user `subnet_id`}}",
		"vpc_id": "{{user `vpc_id`}}",
		"associate_public_ip_address": "true",
		"instance_type": "{{user `instance_type`}}",
    "ssh_username": "{{user `ssh_username`}}",
    "ssh_timeout": "10m",
		"ssh_pty": "true",
    "ami_block_device_mappings": [{
					"device_name": "/dev/sda1",
					"delete_on_termination": true
				}]
  }],
  "provisioners": [
  {
    "script": "./scripts/installimage.sh",
    "type": "shell",
    "override": {
      "amazon-ebs": {
        "execute_command": "chmod +x {{ .Path }}; {{ .Vars }} sudo -E sh '{{ .Path }}'"
      }}}]
}
